Species,Infraorder,Family,Web_Type,Cribellum,Accession
Agelena_babai,Araneomorphae,Agelenidae,,,IATO01
Agelena_labyrinthica,Araneomorphae,Agelenidae,,,IBCI01
Agelena_silvatica,Araneomorphae,Agelenidae,,,IBSG01
Agelenopsis_naevia,Araneomorphae,Agelenidae,,,IBOW01
Agelenopsis_potteri,Araneomorphae,Agelenidae,,,IBWF01
Allagelena_difficilis,Araneomorphae,Agelenidae,,,IBYO01
Allagelena_donggukensis,Araneomorphae,Agelenidae,,,IBUZ01
Allagelena_opulenta,Araneomorphae,Agelenidae,,,IBPE01
Barranopsis_texana,Araneomorphae,Agelenidae,,,ICNG01
Coelotes_antri,Araneomorphae,Agelenidae,,,IBPU01
Coelotes_atropos,Araneomorphae,Agelenidae,,,ICCQ01
Coelotes_exitialis,Araneomorphae,Agelenidae,,,IBAM01
Coelotes_kitazawai,Araneomorphae,Agelenidae,,,IBZT01
Coelotes_kumensis,Araneomorphae,Agelenidae,,,IBTD01
Coelotes_musashiensis,Araneomorphae,Agelenidae,,,IAMH01
Coelotes_yaginumai,Araneomorphae,Agelenidae,,,IBUQ01
Coras_lamellosus,Araneomorphae,Agelenidae,,,ICHO01
Eratigena_atrica,Araneomorphae,Agelenidae,,,IBUU01
Iwogumoa_insidiosa,Araneomorphae,Agelenidae,,,IAQB01
Iwogumoa_interuna,Araneomorphae,Agelenidae,,,IBKG01
Iwogumoa_yaeyamensis,Araneomorphae,Agelenidae,,,ICEA01
Pireneitega_luctuosa,Araneomorphae,Agelenidae,,,IAVW01
Tegecoelotes_corasides,Araneomorphae,Agelenidae,,,IASA01
Tegecoelotes_mizuyamae,Araneomorphae,Agelenidae,,,IBQB01
Tegecoelotes_secundus,Araneomorphae,Agelenidae,,,IAIT01
Tegenaria_domestica,Araneomorphae,Agelenidae,,,IBOG01
Tegenaria_silvestris,Araneomorphae,Agelenidae,,,ICDT01
Amaurobius_ferox,Araneomorphae,Amaurobiidae,,,IAKN01
Asiacoelotes_plancyi,Araneomorphae,Amaurobiidae,,,ICGM01
Callobius_hokkaido,Araneomorphae,Amaurobiidae,,,ICFK01
Taira_flavidorsalis,Araneomorphae,Amaurobiidae,,,IATZ01
Conculus_lyugadinus,Araneomorphae,Anapidae,,,IAZA01
Anyphaena_ayshides,Araneomorphae,Anyphaenidae,,,IBZW01
Anyphaena_pugil,Araneomorphae,Anyphaenidae,,,IBRY01
Tasa_nipponica,Araneomorphae,Anyphaenidae,,,ICHY01
Acacesia_hamata,Araneomorphae,Araneidae,,,IBYK01
Acanthepeira_sp_IDV3791,Araneomorphae,Araneidae,,,IAFO01
Acroaspis_sp_IDV6688,Araneomorphae,Araneidae,,,IANO01
Acrosomoides_sp_IDV7426,Araneomorphae,Araneidae,,,ICOJ01
Aculepeira_matsudae,Araneomorphae,Araneidae,,,IBMG01
Acusilas_coccineus,Araneomorphae,Araneidae,,,IBQF01
Alenatea_fuscocolorata,Araneomorphae,Araneidae,,,IBZC01
Anepsion_depressum,Araneomorphae,Araneidae,,,ICFY01
Anepsion_japonicum,Araneomorphae,Araneidae,,,IBDU01
Arachnura_logio,Araneomorphae,Araneidae,,,IBSH01
Arachnura_melanura,Araneomorphae,Araneidae,,,IAPN01
Araneus_acusisetus,Araneomorphae,Araneidae,,,IAIV01
Araneus_amabilis,Araneomorphae,Araneidae,,,IBIL01
Araneus_bicentenarius,Araneomorphae,Araneidae,,,IBXL01
Araneus_diadematus,Araneomorphae,Araneidae,,,IAND01
Araneus_ejusmodi,Araneomorphae,Araneidae,,,IBTF01
Araneus_guttulatus,Araneomorphae,Araneidae,,,IAOU01
Araneus_guttulatus,Araneomorphae,Araneidae,Orb,No,IAOU01
Araneus_hoshi,Araneomorphae,Araneidae,,,IBWG01
Araneus_hoshi,Araneomorphae,Araneidae,Orb,No,IBWG01
Araneus_inustus,Araneomorphae,Araneidae,,,IAHS01
Araneus_inustus,Araneomorphae,Araneidae,Orb,No,IAHS01
Araneus_ishisawai,Araneomorphae,Araneidae,,,IAGE01
Araneus_macacus,Araneomorphae,Araneidae,,,IALC01
Araneus_marmoreus,Araneomorphae,Araneidae,,,IBZH01
Araneus_ogatai,Araneomorphae,Araneidae,,,IBEY01
Araneus_pentagrammicus,Araneomorphae,Araneidae,,,IBDX01
Araneus_pentagrammicus,Araneomorphae,Araneidae,Orb,No,IBXD01
Araneus_pinguis,Araneomorphae,Araneidae,,,IBOV01
Araneus_rotundicornis,Araneomorphae,Araneidae,,,IASO01
Araneus_seminiger,Araneomorphae,Araneidae,,,IAFY01
Araneus_stella,Araneomorphae,Araneidae,,,IBQX01
Araneus_tsurusakii,Araneomorphae,Araneidae,,,ICFR01
Araneus_uyemurai,Araneomorphae,Araneidae,,,IAIN01
Araneus_variegatus,Araneomorphae,Araneidae,,,IBGT01
Araneus_viridiventris,Araneomorphae,Araneidae,,,IBOR01
Araneus_yasudai,Araneomorphae,Araneidae,,,ICMV01
Araneus_yasudai,Araneomorphae,Araneidae,Orb,No,ICMV01
Araniella_yaginumai,Araneomorphae,Araneidae,,,IAYO01
Argiope_aemula,Araneomorphae,Araneidae,,,IBYN01
Argiope_aetheroides,Araneomorphae,Araneidae,,,IASB01
Argiope_amoena,Araneomorphae,Araneidae,,,IARG01
Argiope_argentata,Araneomorphae,Araneidae,,,GIWY01
Argiope_argentata,Araneomorphae,Araneidae,Orb,No,GIWY01
Argiope_boesenbergi,Araneomorphae,Araneidae,,,IAEK01
Argiope_bruennichi,Araneomorphae,Araneidae,,,IBFJ01
Argiope_keyserlingi,Araneomorphae,Araneidae,,,IAET01
Argiope_minuta,Araneomorphae,Araneidae,,,ICGZ01
Argiope_ocula,Araneomorphae,Araneidae,,,IAMQ01
Arkys_sp_IDV6767,Araneomorphae,Araneidae,,,IBFN01
Backobourkia_brouni,Araneomorphae,Araneidae,,,ICCG01
Bijoaraneus_mitificus,Araneomorphae,Araneidae,,,ICEX01
Caerostris_darwini,Araneomorphae,Araneidae,,,ICOF01
Caerostris_darwini,Araneomorphae,Araneidae,Orb,No,GGTX01
Caerostris_extrusa,Araneomorphae,Araneidae,,,ICOE01
Chorizopes_nipponicus,Araneomorphae,Araneidae,,,IBOL01
Cryptaranea_sp_IDV6838,Araneomorphae,Araneidae,,,IBGP01
Cyclosa_alba,Araneomorphae,Araneidae,,,ICBN01
Cyclosa_argenteoalba,Araneomorphae,Araneidae,Orb,No,IBJA01
Cyclosa_bifida,Araneomorphae,Araneidae,,,IBDH01
Cyclosa_confusa,Araneomorphae,Araneidae,,,IAYB01
Cyclosa_confusa,Araneomorphae,Araneidae,Orb,No,IAYB01
Cyclosa_conica,Araneomorphae,Araneidae,,,IAOH01
Cyclosa_ginnaga,Araneomorphae,Araneidae,,,IBXI01
Cyclosa_hamulata,Araneomorphae,Araneidae,,,IAJY01
Cyclosa_japonica,Araneomorphae,Araneidae,,,IAHD01
Cyclosa_japonica,Araneomorphae,Araneidae,Orb,No,IAHD01
Cyclosa_kumadai,Araneomorphae,Araneidae,,,IBIT01
Cyclosa_laticauda,Araneomorphae,Araneidae,,,ICJO01
Cyclosa_monticola,Araneomorphae,Araneidae,,,IBFS01
Cyclosa_monticola,Araneomorphae,Araneidae,Orb,No,IBFS01
Cyclosa_mulmeinensis,Araneomorphae,Araneidae,,,IBXP01
Cyclosa_mulmeinensis,Araneomorphae,Araneidae,Orb,No,IBXP01
Cyclosa_octotuberculata,Araneomorphae,Araneidae,,,IAQZ01
Cyclosa_omonaga,Araneomorphae,Araneidae,Orb,No,IARB01
Cyclosa_omonaga,Araneomorphae,Araneidae,,,IARB01
Cyclosa_omonaga,Araneomorphae,Araneidae,Orb,No,IARB01
Cyclosa_onoi,Araneomorphae,Araneidae,,,IAXL01
Cyclosa_quinqueguttata,Araneomorphae,Araneidae,,,IBLP01
Cyclosa_sachikoae,Araneomorphae,Araneidae,,,IALA01
Cyclosa_sedeculata,Araneomorphae,Araneidae,,,IAEX01
Cyclosa_turbinata,Araneomorphae,Araneidae,,,IAWH01
Cyclosa_vallata,Araneomorphae,Araneidae,,,IBQY01
Cyrtarachne_akirai,Araneomorphae,Araneidae,,,ICFL01
Cyrtarachne_bufo,Araneomorphae,Araneidae,,,ICFD01
Cyrtarachne_nagasakiensis,Araneomorphae,Araneidae,,,IBID01
Cyrtarachne_yunoharuensis,Araneomorphae,Araneidae,,,IBRT01
Cyrtophora_cicatrosa,Araneomorphae,Araneidae,,,IBHY01
Cyrtophora_exanthematica,Araneomorphae,Araneidae,,,IAIR01
Cyrtophora_ikomosanensis,Araneomorphae,Araneidae,,,IBNL01
Cyrtophora_moluccensis,Araneomorphae,Araneidae,,,IAPU01
Cyrtophora_unicolor,Araneomorphae,Araneidae,,,ICCO01
Dolophones_sp_IDV6683,Araneomorphae,Araneidae,,,IBZG01
Eriophora_pustulosa,Araneomorphae,Araneidae,,,IBIK01
Eriophora_ravilla,Araneomorphae,Araneidae,,,IBYJ01
Eriophora_transmarina,Araneomorphae,Araneidae,,,IBPW01
Eriovixia_poonaensis,Araneomorphae,Araneidae,,,IBNF01
Eriovixia_pseudocentrodes,Araneomorphae,Araneidae,,,IBYT01
Eriovixia_sakiedaorum,Araneomorphae,Araneidae,,,IBEB01
Eustala_anastera,Araneomorphae,Araneidae,,,IARA01
Eustala_cepina,Araneomorphae,Araneidae,,,IASF01
Gasteracantha_arcuata,Araneomorphae,Araneidae,orb,no,
Gasteracantha_cancriformis,Araneomorphae,Araneidae,,,ICIS01
Gasteracantha_diadesmia,Araneomorphae,Araneidae,,,IBVH01
Gasteracantha_hasselti,Araneomorphae,Araneidae,orb,no,
Gasteracantha_kuhlii,Araneomorphae,Araneidae,,,IAZY01
Gasteracantha_kuhlii,Araneomorphae,Araneidae,Orb,No,IAZY01
Gea_spinipes,Araneomorphae,Araneidae,,,IAOQ01
Gibbaranea_abscissa,Araneomorphae,Araneidae,,,IAXA01
Gibbaranea_bituberculata,Araneomorphae,Araneidae,,,IBVP01
Hypsosinga_pygmaea,Araneomorphae,Araneidae,,,ICEG01
Hypsosinga_pygmaea,Araneomorphae,Araneidae,Orb,No,ICEG01
Hypsosinga_sanguinea,Araneomorphae,Araneidae,,,IATX01
Larinia_phthisica,Araneomorphae,Araneidae,,,IAJV01
Larinia_sekiguchii,Araneomorphae,Araneidae,,,IBRG01
Lariniaria_argiopiformis,Araneomorphae,Araneidae,,,IAFI01
Larinioides_cornutus,Araneomorphae,Araneidae,,,IAHZ01
Lipocrea_fusiformis,Araneomorphae,Araneidae,,,IBRA01
Macracantha_hasselti,Araneomorphae,Araneidae,,,IBKA01
Mangora_herbeoides,Araneomorphae,Araneidae,,,IARZ01
Mangora_maculata,Araneomorphae,Araneidae,,,ICNF01
Mangora_placida,Araneomorphae,Araneidae,,,IBXG01
Mecynogea_lemniscata,Araneomorphae,Araneidae,,,ICCS01
Metazygia_zilloides,Araneomorphae,Araneidae,,,IBDY01
Metepeira_labyrinthea,Araneomorphae,Araneidae,,,IBEO01
Micrathena_gracilis,Araneomorphae,Araneidae,,,IAWP01
Micrathena_sagittata,Araneomorphae,Araneidae,,,IBLG01
Neoscona_adianta,Araneomorphae,Araneidae,,,IBRX01
Neoscona_arabesca,Araneomorphae,Araneidae,,,IBED01
Neoscona_arabesca,Araneomorphae,Araneidae,Orb,No,IBED01
Neoscona_mellotteei,Araneomorphae,Araneidae,,,IBBT01
Neoscona_nautica,Araneomorphae,Araneidae,,,ICBF01
Neoscona_punctigera,Araneomorphae,Araneidae,,,IALN01
Neoscona_scylla,Araneomorphae,Araneidae,,,IAEU01
Neoscona_scylloides,Araneomorphae,Araneidae,,,ICMG01
Neoscona_semilunaris,Araneomorphae,Araneidae,,,IAVP01
Neoscona_subpullata,Araneomorphae,Araneidae,,,IBPZ01
Neoscona_subpullata,Araneomorphae,Araneidae,Orb,No,IBPZ01
Neoscona_theisi,Araneomorphae,Araneidae,,,IAXT01
Nuctenea_umbratica,Araneomorphae,Araneidae,,,IAPM01
Ordgarius_hobsoni,Araneomorphae,Araneidae,,,IAGL01
Ordgarius_sexspinosus,Araneomorphae,Araneidae,,,ICMU01
Parawixia_dehaani,Araneomorphae,Araneidae,,,ICFU01
Pasilobus_hupingensis,Araneomorphae,Araneidae,,,IAXK01
Perilla_teres,Araneomorphae,Araneidae,,,IBAD01
Phonognatha_graeffei,Araneomorphae,Araneidae,,,IATW01
Plebs_astridae,Araneomorphae,Araneidae,,,IBUD01
Plebs_aurea,Araneomorphae,Araneidae,,,IAFL01
Plebs_eburnus,Araneomorphae,Araneidae,,,IBAL01
Plebs_sachalinensis,Araneomorphae,Araneidae,,,ICHT01
Plebs_sachalinensis,Araneomorphae,Araneidae,Orb,No,ICHT01
Plebs_yanbaruensis,Araneomorphae,Araneidae,,,IBXY01
Poecilopachys_australasia,Araneomorphae,Araneidae,,,ICKB01
Poltys_columnaris,Araneomorphae,Araneidae,,,IBGR01
Poltys_illepidus,Araneomorphae,Araneidae,,,IBJO01
Pronoides_brunneus,Araneomorphae,Araneidae,,,IAWB01
Singa_perpolita,Araneomorphae,Araneidae,,,IBIS01
Thelacantha_brevispina,Araneomorphae,Araneidae,,,ICGQ01
Verrucosa_arenata,Araneomorphae,Araneidae,,,ICKK01
Yaginumia_sia,Araneomorphae,Araneidae,,,IBHQ01
Zygiella_dispar,Araneomorphae,Araneidae,,,IAWO01
Zygiella_hiramatsui,Araneomorphae,Araneidae,,,IBRB01
Eriauchenius_IDV7325,Araneomorphae,Archaeidae,,,ICOM01
Cheiracanthium_eutittha,Araneomorphae,Cheiracanthiidae,,,ICAS01
Cheiracanthium_gracile,Araneomorphae,Cheiracanthiidae,,,IALS01
Cheiracanthium_japonicum,Araneomorphae,Cheiracanthiidae,,,IBPR01
Cheiracanthium_lascivum,Araneomorphae,Cheiracanthiidae,,,IBOH01
Cheiracanthium_mordax,Araneomorphae,Cheiracanthiidae,,,IBXH01
Cheiracanthium_unicum,Araneomorphae,Cheiracanthiidae,,,IAWR01
Clubiona_akagiensis,Araneomorphae,Clubionidae,,,IATH01
Clubiona_basarukini,Araneomorphae,Clubionidae,,,IBNI01
Clubiona_deletrix,Araneomorphae,Clubionidae,,,IAMW01
Clubiona_diversa,Araneomorphae,Clubionidae,,,IBIZ01
Clubiona_japonica,Araneomorphae,Clubionidae,,,ICIL01
Clubiona_jucunda,Araneomorphae,Clubionidae,,,IAYR01
Clubiona_kurilensis,Araneomorphae,Clubionidae,,,IBHS01
Clubiona_kurosawai,Araneomorphae,Clubionidae,,,IAJR01
Clubiona_lutescens,Araneomorphae,Clubionidae,,,IBJV01
Clubiona_pseudogermanica,Araneomorphae,Clubionidae,,,IBAZ01
Clubiona_reclusa,Araneomorphae,Clubionidae,,,IBSY01
Clubiona_riparia,Araneomorphae,Clubionidae,,,IAUL01
Clubiona_robusta,Araneomorphae,Clubionidae,,,ICJS01
Clubiona_rostrata,Araneomorphae,Clubionidae,,,IBHR01
Clubiona_tsurusakii,Araneomorphae,Clubionidae,,,IAXE01
Clubiona_uenoi,Araneomorphae,Clubionidae,,,IBSU01
Clubiona_vigil,Araneomorphae,Clubionidae,,,IAHQ01
Clubiona_viridula,Araneomorphae,Clubionidae,,,IAUG01
Clubiona_yaginumai,Araneomorphae,Clubionidae,,,IBNC01
Clubiona_zilla,Araneomorphae,Clubionidae,,,IAWI01
Elaver_excepta,Araneomorphae,Clubionidae,,,IBCN01
Pteroneta_ultramarina,Araneomorphae,Clubionidae,,,IAVK01
Falconina_gracilis,Araneomorphae,Corinnidae,,,IBPA01
Phrurolithus_claripes,Araneomorphae,Corinnidae,,,IAMS01
Phrurolithus_coreanus,Araneomorphae,Corinnidae,,,IBPN01
Phrurolithus_labialis,Araneomorphae,Corinnidae,,,IAUN01
Phrurolithus_nipponicus,Araneomorphae,Corinnidae,,,IBQD01
Phrurolithus_pennatus,Araneomorphae,Corinnidae,,,IALJ01
Trachelas_japonicus,Araneomorphae,Corinnidae,,,IBXV01
Trachelas_similis,Araneomorphae,Corinnidae,,,IBKK01
Anahita_fauna,Araneomorphae,Ctenidae,,,IANH01
Ctenus_yaeyamensis,Araneomorphae,Ctenidae,,,IBPO01
Phoneutria_nigriventer,Araneomorphae,Ctenidae,,,GFUY01
Cybaeus_mellotteei,Araneomorphae,Cybaeidae,,,ICHP01
Cybaeus_nipponicus,Araneomorphae,Cybaeidae,,,IBBH01
Deinopis_sp_IDV6783,Araneomorphae,Deinopidae,Orb,Yes,IBBP01
Deinopis_sp_IDV7365,Araneomorphae,Deinopidae,Orb,Yes,ICOI01
Badumna_insignis,Araneomorphae,Desidae,,,ICIW01
Badumna_longinqua,Araneomorphae,Desidae,,,GIWL01
Desis_japonica,Araneomorphae,Desidae,,,IAGW01
Desis_marina,Araneomorphae,Desidae,,,GIWQ01
Desis_marina,Araneomorphae,Desidae,,,
Metaltella_simoni,Araneomorphae,Desidae,,,IAGA01
Paramatachia_IDV6852,Araneomorphae,Desidae,,,IBZS01
Adenodictyna_kudoae,Araneomorphae,Dictynidae,,,IBQQ01
Argyoneta_aquatica,Araneomorphae,Dictynidae,,Yes,
Argyroneta_aquatica,Araneomorphae,Dictynidae,,,IBNV01
Bromella_punctosparsa,Araneomorphae,Dictynidae,,,IAKM01
Cicurina_japonica,Araneomorphae,Dictynidae,,,ICHI01
Cicurina_travisae,Araneomorphae,Dictynidae,mesh,yes,
Dictyna_felis,Araneomorphae,Dictynidae,,,IANC01
Dictyna_foliicola,Araneomorphae,Dictynidae,,,IAXI01
Lathys_maculosa,Araneomorphae,Dictynidae,,,IBQM01
Paratheuma_awasensis,Araneomorphae,Dictynidae,,,IARK01
Parachtes_romandiolae,Araneomorphae,Dysderidae,,No,ICQJ01
Stegodyphus_dumicola,Araneomorphae,Eresidae,,,
Stegodyphus_mimosarum,Araneomorphae,Eresidae,,,GAZR01
Kukulcania_hibernalis,Araneomorphae,Filistatidae,,Yes,IBDQ01
Legendrena_IDV7429,Araneomorphae,Gallieniellidae,,,ICOU01
Callilepis_schuszteri,Araneomorphae,Gnaphosidae,,,IBWQ01
Cladothela_auster,Araneomorphae,Gnaphosidae,,,ICDJ01
Cladothela_oculinotata,Araneomorphae,Gnaphosidae,,,IBKD01
Cladothela_unciinsignita,Araneomorphae,Gnaphosidae,,,IBMS01
Drassodes_serratidens,Araneomorphae,Gnaphosidae,,,IANS01
Drassyllus_sanmenensis,Araneomorphae,Gnaphosidae,,,IBZY01
Drassyllus_shaanxiensis,Araneomorphae,Gnaphosidae,,,IBKB01
Gnaphosa_kamurai,Araneomorphae,Gnaphosidae,,,IBLW01
Gnaphosa_kompirensis,Araneomorphae,Gnaphosidae,,,IAKD01
Gnaphosa_primorica,Araneomorphae,Gnaphosidae,,,IBPY01
Haplodrassus_kanenoi,Araneomorphae,Gnaphosidae,,,IBAC01
Hitobia_asiatica,Araneomorphae,Gnaphosidae,,,IANX01
Micaria_dives,Araneomorphae,Gnaphosidae,,,IBST01
Odontodrassus_hondoensis,Araneomorphae,Gnaphosidae,,,IBTX01
Scotophaeus_scutulatus,Araneomorphae,Gnaphosidae,,,ICQK01
Sernokorba_pallidipatellis,Araneomorphae,Gnaphosidae,,,IAMZ01
Urozelotes_rusticus,Araneomorphae,Gnaphosidae,,,IAPT01
Zelotes_asiaticus,Araneomorphae,Gnaphosidae,,,IAGO01
Zelotes_flexuosus,Araneomorphae,Gnaphosidae,,,ICIQ01
Zelotes_iriomotensis,Araneomorphae,Gnaphosidae,,,IAHP01
Zelotes_potanini,Araneomorphae,Gnaphosidae,,,ICMX01
Hickmania_troglodytes,Araneomorphae,Gradungulidae,,,IAOO01
Hahnia_corticicola,Araneomorphae,Hahniidae,,,IALX01
Hahnia_tanikawai,Araneomorphae,Hahniidae,,,IBXM01
Hahnia_thorntoni,Araneomorphae,Hahniidae,,,IBOQ01
Neoantistea_quelpartensis,Araneomorphae,Hahniidae,,,IBHE01
Hersilia_okinawensis,Araneomorphae,Hersiliidae,Sheet?,No,IARY01
Hersilia_yaeyamaensis,Araneomorphae,Hersiliidae,Sheet?,No,IAWE01
Lampona_murina,Araneomorphae,Lamponidae,,,IAOJ01
Falcileptoneta_japonica,Araneomorphae,Leptonetidae,,,ICFE01
Masirana_silvicola,Araneomorphae,Leptonetidae,,,ICEN01
Agyneta_nigra,Araneomorphae,Linyphiidae,,,IAJL01
Ainerigone_saitoi,Araneomorphae,Linyphiidae,,,IBTE01
Arcuphantes_paiki,Araneomorphae,Linyphiidae,,,IAWN01
Arcuphantes_tamaensis,Araneomorphae,Linyphiidae,,,IAKU01
Arcuphantes_uenoi,Araneomorphae,Linyphiidae,,,IBBK01
Asperthorax_communis,Araneomorphae,Linyphiidae,,,IAJS01
Baryphymula_kamakuraensis,Araneomorphae,Linyphiidae,,,IBGF01
Bathyphantes_brevipes,Araneomorphae,Linyphiidae,,,IAUJ01
Bathyphantes_gracilis,Araneomorphae,Linyphiidae,,,IAMX01
Doenitzius_peniculus,Araneomorphae,Linyphiidae,,,IBJ01
Doenitzius_pruvus,Araneomorphae,Linyphiidae,,,IBVW01
Drapetisca_socialis,Araneomorphae,Linyphiidae,,,ICKS01
Erigone_atra,Araneomorphae,Linyphiidae,,,IBGK01
Erigone_prominens,Araneomorphae,Linyphiidae,,,IBVZ01
Floronia_bucculenta,Araneomorphae,Linyphiidae,,,ICGA01
Floronia_exornata,Araneomorphae,Linyphiidae,,,IAYH01
Frontinella_communis,Araneomorphae,Linyphiidae,,,IALK01
Herbiphantes_longiventris,Araneomorphae,Linyphiidae,,,IBOY01
Himalaphantes_azumiensis,Araneomorphae,Linyphiidae,,,IBSV01
Hylyphantes_graminicola,Araneomorphae,Linyphiidae,,,IAZG01
Hylyphantes_tanikawai,Araneomorphae,Linyphiidae,,,IAQG01
Hypselistes_asiaticus,Araneomorphae,Linyphiidae,,,IAOT01
Labulla_thoracica,Araneomorphae,Linyphiidae,,,ICGP01
Lepthyphantes_leprosus,Araneomorphae,Linyphiidae,,,IBAI01
Lepthyphantes_minutus,Araneomorphae,Linyphiidae,,,IBYE01
Linyphia_triangularis,Araneomorphae,Linyphiidae,,,IBDS01
Mecopisthes_tokumotoi,Araneomorphae,Linyphiidae,,,IBFE01
Microbathyphantes_tateyamaensis,Araneomorphae,Linyphiidae,,,ICFH01
Nematogmus_sanguinolentus,Araneomorphae,Linyphiidae,,,IBBN01
Neriene_albolimbata,Araneomorphae,Linyphiidae,,,IBZA01
Neriene_angulifera,Araneomorphae,Linyphiidae,,,IBTV01
Neriene_brongersmai,Araneomorphae,Linyphiidae,,,IBQN01
Neriene_clathrata,Araneomorphae,Linyphiidae,,,IAFP01
Neriene_emphana,Araneomorphae,Linyphiidae,,,IBAS01
Neriene_fusca,Araneomorphae,Linyphiidae,,,IBJW01
Neriene_japonica,Araneomorphae,Linyphiidae,,,IBMU01
Neriene_limbatinella,Araneomorphae,Linyphiidae,,,IBLD01
Neriene_longipedella,Araneomorphae,Linyphiidae,,,IBLR01
Neriene_marginella,Araneomorphae,Linyphiidae,,,ICJV01
Neriene_nigripectoris,Araneomorphae,Linyphiidae,,,ICBX01
Neriene_oidedicata,Araneomorphae,Linyphiidae,,,IAQC01
Agroeca_coreana,Araneomorphae,Liocranidae,,,ICEP01
Agroeca_kamurai,Araneomorphae,Liocranidae,,,IBIB01
Alopecosa_moriutii,Araneomorphae,Lycosidae,,,IBNM01
Alopecosa_pulverulenta,Araneomorphae,Lycosidae,,,ICJL01
Alopecosa_virgata,Araneomorphae,Lycosidae,,,IAED01
Arctosa_depectinata,Araneomorphae,Lycosidae,,,IBNE01
Arctosa_ebicha,Araneomorphae,Lycosidae,,,ICGR01
Arctosa_fujiii,Araneomorphae,Lycosidae,,,ICCA01
Arctosa_ipsa,Araneomorphae,Lycosidae,,,IBTU01
Arctosa_kawabe,Araneomorphae,Lycosidae,,,IAMK01
Arctosa_laminata,Araneomorphae,Lycosidae,,,ICCP01
Arctosa_stigmosa,Araneomorphae,Lycosidae,,,IARN01
Hippasa_lingxianensis,Araneomorphae,Lycosidae,,,ICCY01
Hygrolycosa_umidicola,Araneomorphae,Lycosidae,,,IBJT01
Lycosa_coelestis,Araneomorphae,Lycosidae,,,IBVM01
Lycosa_godeffroyi,Araneomorphae,Lycosidae,,,IAHJ01
Lycosa_ishikariana,Araneomorphae,Lycosidae,,,IBVL01
Lycosa_suzukii,Araneomorphae,Lycosidae,,,IBQS01
Pardosa_albomarginata,Araneomorphae,Lycosidae,,,ICJN01
Pardosa_amentata,Araneomorphae,Lycosidae,,,GJIU01
Pardosa_amentata,Araneomorphae,Lycosidae,none,,
Pardosa_astrigera,Araneomorphae,Lycosidae,,,IAOA01
Pardosa_brevivulva,Araneomorphae,Lycosidae,,,IBUK01
Pardosa_graminea,Araneomorphae,Lycosidae,,,ICDS01
Pardosa_hedini,Araneomorphae,Lycosidae,,,IBLV01
Pardosa_isago,Araneomorphae,Lycosidae,,,IBQK01
Pardosa_jambaruensis,Araneomorphae,Lycosidae,,,IAXV01
Pardosa_laevitarsis,Araneomorphae,Lycosidae,,,IAUE01
Pardosa_laura,Araneomorphae,Lycosidae,,,IBKJ01
Pardosa_lugubris,Araneomorphae,Lycosidae,,,IBSI01
Pardosa_nojimai,Araneomorphae,Lycosidae,,,IAKH01
Pardosa_oriens,Araneomorphae,Lycosidae,,,IAFK01
Pardosa_pseudoannulata,Araneomorphae,Lycosidae,,,ICHU01
Pardosa_pseudoannulata,Araneomorphae,Lycosidae,none,,
Pardosa_pullata,Araneomorphae,Lycosidae,,,ICJM01
Pardosa_takahashii,Araneomorphae,Lycosidae,,,IBRW01
Pardosa_yaginumai,Araneomorphae,Lycosidae,,,IAGR01
Pirata_piraticus,Araneomorphae,Lycosidae,,,IBAB01
Pirata_subpiraticus,Araneomorphae,Lycosidae,,,IBFU01
Piratula_clercki,Araneomorphae,Lycosidae,,,IBTM01
Piratula_iriomotensis,Araneomorphae,Lycosidae,,,IBOM01
Piratula_piratoides,Araneomorphae,Lycosidae,,,IAQO01
Piratula_procurva,Araneomorphae,Lycosidae,,,IAQE01
Piratula_tanakai,Araneomorphae,Lycosidae,,,IBYA01
Piratula_yaginumai,Araneomorphae,Lycosidae,,,IAIX01
Piratula_yesoensis,Araneomorphae,Lycosidae,,,IBBE01
Rabidosa_rabida,Araneomorphae,Lycosidae,,,IATG01
Schizocosa_ocreata,Araneomorphae,Lycosidae,,,GIZR01
Tigrosa_aspersa,Araneomorphae,Lycosidae,,,ICIF01
Trochosa_aquatica,Araneomorphae,Lycosidae,,,IASZ01
Trochosa_ruricola,Araneomorphae,Lycosidae,,,IAXC01
Trochosa_terricola,Araneomorphae,Lycosidae,,,IBIR01
Wadicosa_okinawensis,Araneomorphae,Lycosidae,,,IBRV01
Xerolycosa_nemoralis,Araneomorphae,Lycosidae,,,IBFV01
Australomimetus_japonicus,Araneomorphae,Mimetidae,,,IBSZ01
Australomimetus_japonicus,Araneomorphae,Mimetidae,,,IBSZ01
Ero_cambridgei,Araneomorphae,Mimetidae,,,IBDP01
Ero_cambridgei,Araneomorphae,Mimetidae,,,IBDP01
Ero_japonica,Araneomorphae,Mimetidae,,,IBDJ01
Ero_japonica,Araneomorphae,Mimetidae,,,IBDJ01
Mimetus_ryukyus,Araneomorphae,Mimetidae,,,IAQJ01
Mimetus_testaceus,Araneomorphae,Mimetidae,,,IBHW01
Prochora_praticola,Araneomorphae,Miturgidae,,,IAVO01
Microdipoena_ogatai,Araneomorphae,Mysmenidae,,,IATD01
Microdipoena_pseudojobi,Araneomorphae,Mysmenidae,,,ICBP01
Nesticella_brevipes,Araneomorphae,Nesticidae,,,ICJD01
Nesticus_yesoensis,Araneomorphae,Nesticidae,,,IBBO01
Ambicodamus_IDV6680,Araneomorphae,Nicodamidae,,,ICBW01
Speocera_laureata,Araneomorphae,Ochyroceratidae,,No,IAGX01
Oecobius_navus,Araneomorphae,Oecobiidae,,,IBWY01
Oecobius_sp._IDV2132,Araneomorphae,Oecobiidae,,,ICNB01
Uroctea_compactilis,Araneomorphae,Oecobiidae,,,IAKY01
Gamasomorpha_cataphracta,Araneomorphae,Oonopidae,,No,IBUJ01
Ischnothyreus_narutomii,Araneomorphae,Oonopidae,,No,IAYM01
Opopaea_syarakui,Araneomorphae,Oonopidae,,No,IBAA01
Orchestina_okitsui,Araneomorphae,Oonopidae,,No,IAOP01
Orchestina_sanguinea,Araneomorphae,Oonopidae,,No,IAPJ01
Xyphinus_karschi,Araneomorphae,Oonopidae,,No,IBKR01
Oxyopes_birmanicus,Araneomorphae,Oxyopidae,,,ICKG01
Oxyopes_koreanus,Araneomorphae,Oxyopidae,,,IAUF01
Oxyopes_licenti,Araneomorphae,Oxyopidae,,,IAYU01
Oxyopes_macilentus,Araneomorphae,Oxyopidae,,,IAGS01
Oxyopes_sertatus,Araneomorphae,Oxyopidae,,,IARI01
Peucetia_viridans,Araneomorphae,Oxyopidae,,,IBYY01
Hamataliwa_IDV5031,Araneomorphae,Oxyopidae,,,IAQM01
Artema_atlanta,Araneomorphae,Pholcidae,,No,IAOK01
Belisana_akebona,Araneomorphae,Pholcidae,,No,ICEY01
Belisana_junkoae,Araneomorphae,Pholcidae,,No,IBKV01
Crossopriza_lyoni,Araneomorphae,Pholcidae,,No,IAZD01
Holocnemus_pluchei,Araneomorphae,Pholcidae,,No,ICQN01
Leptopholcus_tanikawai,Araneomorphae,Pholcidae,,No,IANL01
Pholcus_crypticolens,Araneomorphae,Pholcidae,,No,IBCG01
Pholcus_nagasakiensis,Araneomorphae,Pholcidae,,No,ICHS01
Pholcus_opilionoides,Araneomorphae,Pholcidae,,No,IALF01
Pholcus_otomi,Araneomorphae,Pholcidae,,No,IBXU01
Pholcus_phalangioides,Araneomorphae,Pholcidae,,No,IBCM01
Smeringopus_pallidus,Araneomorphae,Pholcidae,,No,IBYX01
Spermophora_senoculata,Araneomorphae,Pholcidae,,No,IBWM01
Weintrauboa_contortipes,Araneomorphae,Pimoidae,,,ICHV01
Weintrauboa_insularis,Araneomorphae,Pimoidae,,,IBWX01
Dolomedes_angustivirgatus,Araneomorphae,Pisauridae,,,ICHL01
Dolomedes_fontus,Araneomorphae,Pisauridae,,,IASH01
Dolomedes_horishanus,Araneomorphae,Pisauridae,,,IBVV01
Dolomedes_japonicus,Araneomorphae,Pisauridae,,,IAOF01
Dolomedes_orion,Araneomorphae,Pisauridae,,,ICHG01
Dolomedes_pegasus,Araneomorphae,Pisauridae,,,ICEZ01
Dolomedes_raptor,Araneomorphae,Pisauridae,,,IAME01
Dolomedes_saganus,Araneomorphae,Pisauridae,,,IBAX01
Dolomedes_senilis,Araneomorphae,Pisauridae,,,IBSJ01
Dolomedes_silvicola,Araneomorphae,Pisauridae,,,ICGN01
Dolomedes_sulfureus,Araneomorphae,Pisauridae,,,ICIP01
Dolomedes_triton,Araneomorphae,Pisauridae,,,GGRN01
Dolomedes_yawatai,Araneomorphae,Pisauridae,,,IAUB01
Dolomedes_zatsun,Araneomorphae,Pisauridae,,,IAKW01
Hygropoda_higenaga,Araneomorphae,Pisauridae,,,IBPL01
Perenethis_venusta,Araneomorphae,Pisauridae,,,ICDK01
Pisaura_bicornis,Araneomorphae,Pisauridae,,,ICDN01
Pisaura_lama,Araneomorphae,Pisauridae,,,IAJW01
Pisaura_mirabilis,Araneomorphae,Pisauridae,,,IBYG01
Psechrus_IDV5238,Araneomorphae,Psechridae,,,IAQN01
Apricia_jovialis,Araneomorphae,Salticidae,,,IATN01
Asemonea_tanikawai,Araneomorphae,Salticidae,,,IBAW01
Asianellus_festivus,Araneomorphae,Salticidae,,,IBMF01
Attulus_avocator,Araneomorphae,Salticidae,,,IASM01
Attulus_penicillatus,Araneomorphae,Salticidae,,,IBSM01
Bavia_sexpunctata,Araneomorphae,Salticidae,,,IATI01
Bristowia_heterospinosa,Araneomorphae,Salticidae,,,IBXX01
Burmattus_pococki,Araneomorphae,Salticidae,,,IBNJ01
Carrhotus_xanthogramma,Araneomorphae,Salticidae,,,IBWL01
Chinattus_furcatus,Araneomorphae,Salticidae,,,ICCE01
Chinattus_ogatai,Araneomorphae,Salticidae,,,ICGO01
Cosmophasis_lami,Araneomorphae,Salticidae,,,ICAJ01
Epeus_sumatranus,Araneomorphae,Salticidae,,,IAQI01
Euophrys_kataokai,Araneomorphae,Salticidae,,,IAIA01
Evarcha_albaria,Araneomorphae,Salticidae,,,IAON01
Evarcha_falcata,Araneomorphae,Salticidae,,,IAWX01
Evarcha_flavocincta,Araneomorphae,Salticidae,,,IBCH01
Evarcha_proszynskii,Araneomorphae,Salticidae,,,IAPG01
Evarcha_selenaria,Araneomorphae,Salticidae,,,ICHN01
Gedea_okinawaensis,Araneomorphae,Salticidae,,,IAEW01
Hakka_himeshimensis,Araneomorphae,Salticidae,,,IBER01
Harmochirus_insulanus,Araneomorphae,Salticidae,,,IATR01
Hasarius_adansoni,Araneomorphae,Salticidae,,,ICCX01
Helicius_yaginumai,Araneomorphae,Salticidae,,,IBDN01
Heliophanus_ussuricus,Araneomorphae,Salticidae,,,IBRU01
Helpis_minitabunda,Araneomorphae,Salticidae,,,IAUM01
Hentzia_mitrata,Araneomorphae,Salticidae,,,ICNE01
Holoplatys_planissima,Araneomorphae,Salticidae,,,IBZJ01
Idastrandia_sp_IDV5298,Araneomorphae,Salticidae,,,IBHP01
Laufeia_aenea,Araneomorphae,Salticidae,,,IAMF01
Ligonipes_sp_IDV6690,Araneomorphae,Salticidae,,,ICAA01
Maevia_inclemens,Araneomorphae,Salticidae,,,IBLY01
Marpissa_mashibarai,Araneomorphae,Salticidae,,,IBBC01
Marpissa_milleri,Araneomorphae,Salticidae,,,ICIM01
Marpissa_mucosa,Araneomorphae,Salticidae,,,GJIM01
Marpissa_mucosa,Araneomorphae,Salticidae,none,,
Marpissa_pulla,Araneomorphae,Salticidae,,,IBWP01
Marpissa_yawatai,Araneomorphae,Salticidae,,,IBNG01
Mendoza_canestrinii,Araneomorphae,Salticidae,,,IBJM01
Mendoza_elongata,Araneomorphae,Salticidae,,,IAHA01
Mendoza_ibarakiensis,Araneomorphae,Salticidae,,,IBHG01
Menemerus_bivattatus,Araneomorphae,Salticidae,,,IBMH01
Menemerus_fulvus,Araneomorphae,Salticidae,,,IBZP01
Myrmarachne_elongata,Araneomorphae,Salticidae,,,IBAJ01
Myrmarachne_formicaria,Araneomorphae,Salticidae,,,IAEM01
Myrmarachne_inermichelis,Araneomorphae,Salticidae,,,ICJC01
Myrmarachne_japonica,Araneomorphae,Salticidae,,,ICAI01
Myrmarachne_melanocephala,Araneomorphae,Salticidae,,,ICIK01
Myrmarachne_robusta,Araneomorphae,Salticidae,,,ICFW01
Nandicius_kimjoopili,Araneomorphae,Salticidae,,,ICAG01
Neon_minutus,Araneomorphae,Salticidae,,,IAIC01
Nungia_epigynalis,Araneomorphae,Salticidae,,,IBJJ01
Ocrisiona_sp_IDV6737,Araneomorphae,Salticidae,,,IAYD01
Okinawicius_tokarensis,Araneomorphae,Salticidae,,,IAYE01
Onomastus_kanoi,Araneomorphae,Salticidae,,,IBZF01
Orienticius_vulpes,Araneomorphae,Salticidae,,,ICCF01
Pancorius_crassipes,Araneomorphae,Salticidae,,,IBXB01
Pancorius_submontanus,Araneomorphae,Salticidae,,,IAKX01
Phidippus_clarus,Araneomorphae,Salticidae,,,ICBG01
Phintella_abnormis,Araneomorphae,Salticidae,,,IANV01
Phintella_arenicolor,Araneomorphae,Salticidae,,,ICKV01
Phintella_bifurcilinea,Araneomorphae,Salticidae,,,IBPP01
Phintella_linea,Araneomorphae,Salticidae,,,ICCM01
Phintelloides_versicolor,Araneomorphae,Salticidae,,,IBDZ01
Platycryptus_undatus,Araneomorphae,Salticidae,,,IBWI01
Plexippoides_doenitzi,Araneomorphae,Salticidae,,,IBUO01
Plexippus_paykulli,Araneomorphae,Salticidae,,,IAIL01
Plexippus_setipes,Araneomorphae,Salticidae,,,ICMS01
Portia_fimbriata,Araneomorphae,Salticidae,,,IBBG01
Rhene_albigera,Araneomorphae,Salticidae,,,IATT01
Rhene_atrata,Araneomorphae,Salticidae,,,IAUA01
Servaea_incana,Araneomorphae,Salticidae,,,IBAV01
Sibianor_pullus,Araneomorphae,Salticidae,,,IAUK01
Siler_collingwoodi,Araneomorphae,Salticidae,,,IBWA01
Siler_cupreus,Araneomorphae,Salticidae,,,IBVE01
Spartaeus_bani,Araneomorphae,Salticidae,,,IBDF01
Stertinius_kumadai,Araneomorphae,Salticidae,,,IAUC01
Synagelides_agoriformis,Araneomorphae,Salticidae,,,ICII01
Synagelides_annae,Araneomorphae,Salticidae,,,IAOG01
Talavera_ikedai,Araneomorphae,Salticidae,,,IBSD01
Telamonia_vlijmi,Araneomorphae,Salticidae,,,ICEM01
Thiania_bhamoensis,Araneomorphae,Salticidae,,,IAGH01
Thiania_suboppressa,Araneomorphae,Salticidae,,,ICBY01
Thyene_orientalis,Araneomorphae,Salticidae,,,ICEU01
Yaginumaella_striatipes,Araneomorphae,Salticidae,,,ICAP01
Yaginumanis_sexdentatus,Araneomorphae,Salticidae,,,IAUY01
Scytodes_atlacoya,Araneomorphae,Scytodidae,,No,IBSB01
Scytodes_fusca,Araneomorphae,Scytodidae,,No,IBIE01
Scytodes_thoracica,Araneomorphae,Scytodidae,,No,ICDL01
Ariadna_lateralis,Araneomorphae,Segestriidae,,No,ICDC01
Segestria_nipponica,Araneomorphae,Segestriidae,,No,IBMW01
Selenops_bursarius,Araneomorphae,Selenopsidae,,,IANB01
Loxosceles_rufescens,Araneomorphae,Sicariidae,,No,ICQL01
Delena_cancerides,Araneomorphae,Sparassidae,,,ICHF01
Delena_cancerides,Araneomorphae,Sparassidae,none,no,
Heteropoda_jugulans,Araneomorphae,Sparassidae,,,HAHI01
Heteropoda_simplex,Araneomorphae,Sparassidae,,,IANY01
Heteropoda_tetrica,Araneomorphae,Sparassidae,,,IBLI01
Heteropoda_venatoria,Araneomorphae,Sparassidae,,,IAGF01
Hoconia_hirsuta,Araneomorphae,Sparassidae,none,no,
Isopedella_leai,Araneomorphae,Sparassidae,none,no,
Neosparassus_diana,Araneomorphae,Sparassidae,,,ICIY01
Olios_IDV6699,Araneomorphae,Sparassidae,,,IBCB01
Pandercetes_IDV5279,Araneomorphae,Sparassidae,,,IBWH01
Pseudopoda_kasariana,Araneomorphae,Sparassidae,,,IBPT01
Pseudopoda_spirembolus,Araneomorphae,Sparassidae,,,IBQV01
Sinopoda_forcipata,Araneomorphae,Sparassidae,,,IAZL01
Sinopoda_okinawana,Araneomorphae,Sparassidae,,,IBEQ01
Sinopoda_tanikawai,Araneomorphae,Sparassidae,,,ICIB01
Stiphidion_IDV6728,Araneomorphae,Stiphidiidae,,,ICGB01
Patu_kishidai,Araneomorphae,Symphytognathidae,,,IBMD01
Telema_nipponica,Araneomorphae,Telemidae,,No,IANI01
Ablemma_shimojanai,Araneomorphae,Tetrablemmidae,,No,IAFB01
Diphya_okumae,Araneomorphae,Tetragnathidae,,,ICGI01
Diphya_okumae,Araneomorphae,Tetragnathidae,,,ICGI01
Dolichognatha_umbrophila,Araneomorphae,Tetragnathidae,,,IBJS01
Dolichognatha_umbrophila,Araneomorphae,Tetragnathidae,,,IBJS01
Guizygiella_sp_IDV5217,Araneomorphae,Tetragnathidae,,,ICNN01
Guizygiella_sp_IDV5217,Araneomorphae,Tetragnathidae,,,ICNN01
Leucauge_argentina,Araneomorphae,Tetragnathidae,,,IART01
Leucauge_argyra,Araneomorphae,Tetragnathidae,,,ICDR01
Leucauge_blanda,Araneomorphae,Tetragnathidae,,,IBMN01
Leucauge_celebesiana,Araneomorphae,Tetragnathidae,,,IAWQ01
Leucauge_crucinota,Araneomorphae,Tetragnathidae,,,IBTP01
Leucauge_decorata,Araneomorphae,Tetragnathidae,,,IAVS01
Leucauge_dromedari,Araneomorphae,Tetragnathidae,,,IBHV01
Leucauge_subblanda,Araneomorphae,Tetragnathidae,,,IAIK01
Leucauge_subgemmea,Araneomorphae,Tetragnathidae,,,IBBU01
Leucauge_tessellata,Araneomorphae,Tetragnathidae,,,IBIN01
Leucauge_venusta,Araneomorphae,Tetragnathidae,,,IBAH01
Menosira_ornata,Araneomorphae,Tetragnathidae,,,IBLU01
Meta_japonica,Araneomorphae,Tetragnathidae,,,IBCJ01
Meta_nigridorsalis,Araneomorphae,Tetragnathidae,,,ICIG01
Metellina_mengei,Araneomorphae,Tetragnathidae,,,ICGY01
Metellina_merianae,Araneomorphae,Tetragnathidae,,,IAUP01
Metleucauge_kompirensis,Araneomorphae,Tetragnathidae,,,IBBW01
Metleucauge_yunohamensis,Araneomorphae,Tetragnathidae,,,IBVS01
Okileucauge_sasakii,Araneomorphae,Tetragnathidae,,,IBHL01
Pachygnatha_clercki,Araneomorphae,Tetragnathidae,,,IBGI01
Pachygnatha_quadrimaculata,Araneomorphae,Tetragnathidae,,,IALH01
Pachygnatha_tenera,Araneomorphae,Tetragnathidae,,,IAIF01
Tetragnatha_brevignatha,Araneomorphae,Tetragnathidae,,,GITM01
Tetragnatha_brevignatha,Araneomorphae,Tetragnathidae,Orb,No,GITM01
Tetragnatha_caudicula,Araneomorphae,Tetragnathidae,,,IAER01
Tetragnatha_ceylonica,Araneomorphae,Tetragnathidae,,,ICGV01
Tetragnatha_chauliodus,Araneomorphae,Tetragnathidae,,,IAXW01
Tetragnatha_extensa,Araneomorphae,Tetragnathidae,,,IAHF01
Tetragnatha_extensa,Araneomorphae,Tetragnathidae,Orb,No,IAHF01
Tetragnatha_filiciphilia,Araneomorphae,Tetragnathidae,,,GITN01
Tetragnatha_filiciphilia,Araneomorphae,Tetragnathidae,Orb,No,GITN01
Tetragnatha_iriomotensis,Araneomorphae,Tetragnathidae,,,IAIZ01
Tetragnatha_javana,Araneomorphae,Tetragnathidae,,,ICKY01
Tetragnatha_lauta,Araneomorphae,Tetragnathidae,,,IBXA01
Tetragnatha_makiharai,Araneomorphae,Tetragnathidae,,,IAUI01
Tetragnatha_mandibulata,Araneomorphae,Tetragnathidae,,,ICFC01
Tetragnatha_maxillosa,Araneomorphae,Tetragnathidae,,,ICMP01
Tetragnatha_montana,Araneomorphae,Tetragnathidae,,,IAHG01
Tetragnatha_nitens,Araneomorphae,Tetragnathidae,,,IBWU01
Tetragnatha_paludicola,Araneomorphae,Tetragnathidae,,,GITO01
Tetragnatha_paludicola,Araneomorphae,Tetragnathidae,Orb,No,GITO01
Tetragnatha_pinicola,Araneomorphae,Tetragnathidae,,,IAFT01
Tetragnatha_praedonia,Araneomorphae,Tetragnathidae,,,IBDT01
Tetragnatha_praedonia,Araneomorphae,Tetragnathidae,Orb,No,IAQU01
Tetragnatha_quasimodo,Araneomorphae,Tetragnathidae,,,GITP01
Tetragnatha_quasimodo,Araneomorphae,Tetragnathidae,Orb,No,GITP01
Tetragnatha_shinanoensis,Araneomorphae,Tetragnathidae,,,ICHB01
Tetragnatha_squamata,Araneomorphae,Tetragnathidae,,,IBDE01
Tetragnatha_squamata,Araneomorphae,Tetragnathidae,Orb,No,IBDE01
Tetragnatha_stelarobusta,Araneomorphae,Tetragnathidae,,,GITQ01
Tetragnatha_stelarobusta,Araneomorphae,Tetragnathidae,Orb,No,GITQ01
Tetragnatha_tanigawai,Araneomorphae,Tetragnathidae,,,IBVD01
Tetragnatha_vermiformis,Araneomorphae,Tetragnathidae,,,IAJJ01
Tetragnatha_waikamoi,Araneomorphae,Tetragnathidae,,,GITR01
Tetragnatha_waikamoi,Araneomorphae,Tetragnathidae,Orb,No,GITR01
Tetragnatha_yesoensis,Araneomorphae,Tetragnathidae,,,IBMZ01
Tetragnatha_yesoensis,Araneomorphae,Tetragnathidae,orb,no,DRR297344
Tylorida_striata,Araneomorphae,Tetragnathidae,,,ICKN01
Tylorida_striata,Araneomorphae,Tetragnathidae,orb,no,
Tylorida_ventralis,Araneomorphae,Tetragnathidae,,,IAGT01
Tylorida_ventralis,Araneomorphae,Tetragnathidae,orb,no,DRR296510
Zhinu_reticuloides,Araneomorphae,Tetragnathidae,,,IBXQ01
Allothymoites_kumadai,Araneomorphae,Theridiidae,,,ICHK01
Anelosimus_crassipes,Araneomorphae,Theridiidae,,,IAJC01
Anelosimus_domingo,Araneomorphae,Theridiidae,cob,no,
Anelosimus_elegans,Araneomorphae,Theridiidae,cob,no,
Anelosimus_exiguus,Araneomorphae,Theridiidae,,,IAXJ01
Anelosimus_eximius,Araneomorphae,Theridiidae,cob,no,
Anelosimus_guacamayos,Araneomorphae,Theridiidae,cob,no,
Anelosimus_iwawakiensis,Araneomorphae,Theridiidae,,,IBVO01
Anelosimus_oritoyacu,Araneomorphae,Theridiidae,cob,no,
Anelosimus_rupununi,Araneomorphae,Theridiidae,cob,no,
Anelosimus_studiosus,Araneomorphae,Theridiidae,,,IAPX01
Anelosimus_studiosus,Araneomorphae,Theridiidae,cob,no,
Anelosimus_vittatus,Araneomorphae,Theridiidae,,,IBXC01
Argyrodes_bonadea,Araneomorphae,Theridiidae,,,IAMV01
Argyrodes_cylindratus,Araneomorphae,Theridiidae,,,IBIQ01
Argyrodes_flavescens,Araneomorphae,Theridiidae,,,IAFU01
Argyrodes_kumadai,Araneomorphae,Theridiidae,,,IBBR01
Argyrodes_miniaceus,Araneomorphae,Theridiidae,,,IBQT01
Argyrodes_nephilae,Araneomorphae,Theridiidae,,,IBFL01
Ariamnes_cylindrogaster,Araneomorphae,Theridiidae,,,IAHT01
Ariamnes_flagellum,Araneomorphae,Theridiidae,,,IASR01
Campanicola_ferrumequina,Araneomorphae,Theridiidae,,,IBWS01
Chikunia_albipes,Araneomorphae,Theridiidae,,,IAUZ01
Chrosiothes_sudabides,Araneomorphae,Theridiidae,,,IAHY01
Chrysso_foliata,Araneomorphae,Theridiidae,,,IAFA01
Chrysso_octomaculata,Araneomorphae,Theridiidae,,,IBWR01
Chrysso_scintillans,Araneomorphae,Theridiidae,,,IAPR01
Chrysso_viridiventris,Araneomorphae,Theridiidae,,,IANM01
Coleosoma_blandum,Araneomorphae,Theridiidae,,,IAPQ01
Coleosoma_floridanum,Araneomorphae,Theridiidae,,,IBXT01
Cryptachaea_gigantipes,Araneomorphae,Theridiidae,,,IBTR01
Dipoena_punctisparsa,Araneomorphae,Theridiidae,,,ICFZ01
Enoplognatha_abrupta,Araneomorphae,Theridiidae,,,IBGU01
Enoplognatha_caricis,Araneomorphae,Theridiidae,,,IBMT01
Enoplognatha_margarita,Araneomorphae,Theridiidae,,,IBHX01
Enoplognatha_ovata,Araneomorphae,Theridiidae,,,IBEF01
Episinus_affinis,Araneomorphae,Theridiidae,,,ICFG01
Episinus_kitazawai,Araneomorphae,Theridiidae,,,IBEG01
Episinus_nubilus,Araneomorphae,Theridiidae,,,IAEL01
Euryopis_octomaculata,Araneomorphae,Theridiidae,,,ICKW01
Euryopis_superba,Araneomorphae,Theridiidae,,,IAEG01
Faiditus_xiphias,Araneomorphae,Theridiidae,,,IALO01
Keijiella_oculiprominens,Araneomorphae,Theridiidae,,,IANK01
Latrodectus_geometricus,Araneomorphae,Theridiidae,,,IAYT01
Latrodectus_hasseltii,Araneomorphae,Theridiidae,,,IBKS01
Latrodectus_hesperus,Araneomorphae,Theridiidae,cob,,
Meotipa_argyrodiformis,Araneomorphae,Theridiidae,,,IBIT01
Meotipa_pulcherrima,Araneomorphae,Theridiidae,,,IAFJ01
Meotipa_spiniventris,Araneomorphae,Theridiidae,,,IBDD01
Moneta_mirabilis,Araneomorphae,Theridiidae,,,IBWE01
Neospintharus_fur,Araneomorphae,Theridiidae,,,IANQ01
Neospintharus_nipponicus,Araneomorphae,Theridiidae,,,IAHE01
Neospintharus_trigonum,Araneomorphae,Theridiidae,,,IBYM01
Nesticodes_rufipes,Araneomorphae,Theridiidae,,,IBAO01
Nihonhimea_japonica,Araneomorphae,Theridiidae,,,ICDB01
Nihonhimea_mundula,Araneomorphae,Theridiidae,,,IAVV01
Okumaella_okumae,Araneomorphae,Theridiidae,,,IAQY01
Paidiscura_subpallens,Araneomorphae,Theridiidae,,,IAZX01
Parasteatoda_angulithorax,Araneomorphae,Theridiidae,,,ICIN01
Parasteatoda_culicivora,Araneomorphae,Theridiidae,,,IBTW01
Parasteatoda_lunata,Araneomorphae,Theridiidae,,,IAVM01
Parasteatoda_ryukyu,Araneomorphae,Theridiidae,,,IAVY01
Parasteatoda_simulans,Araneomorphae,Theridiidae,,,IAFF01
Parasteatoda_tabulata,Araneomorphae,Theridiidae,,,IBTN01
Parasteatoda_tepidariorum,Araneomorphae,Theridiidae,,,IBOS01
Parasteatoda_tepidariorum,Araneomorphae,Theridiidae,cob,,
Phoroncidia_pilula,Araneomorphae,Theridiidae,,,IBOK01
Phycosoma_flavomarginatum,Araneomorphae,Theridiidae,,,IBSS01
Phycosoma_japonicum,Araneomorphae,Theridiidae,,,IAZW01
Phycosoma_mustelinum,Araneomorphae,Theridiidae,,,IBOD01
Phylloneta_sisyphia,Araneomorphae,Theridiidae,,,ICCN01
Platnickina_maculata,Araneomorphae,Theridiidae,,,IBIO01
Platnickina_mneon,Araneomorphae,Theridiidae,,,IBUC01
Platnickina_sterninotata,Araneomorphae,Theridiidae,,,IAGQ01
Rhomphaea_hyrcana,Araneomorphae,Theridiidae,,,IAOI01
Rhomphaea_labiata,Araneomorphae,Theridiidae,,,ICFA01
Rhomphaea_sagana,Araneomorphae,Theridiidae,,,IAVZ01
Rhomphaea_tanikawai,Araneomorphae,Theridiidae,,,IBTJ01
Robertus_nojimai,Araneomorphae,Theridiidae,,,ICAL01
Rugathodes_nigrolimbatus,Araneomorphae,Theridiidae,,,IAMT01
Spheropistha_melanosoma,Araneomorphae,Theridiidae,,,IBVR01
Spheropistha_miyashitai,Araneomorphae,Theridiidae,,,IBKL01
Steatoda_borealis,Araneomorphae,Theridiidae,,,ICMA01
Steatoda_cingulata,Araneomorphae,Theridiidae,,,IBXO01
Steatoda_grossa,Araneomorphae,Theridiidae,,,IAPP01
Steatoda_grossa,Araneomorphae,Theridiidae,cob,,
Steatoda_triangulosa,Araneomorphae,Theridiidae,,,IBDB01
Stemmops_nipponicus,Araneomorphae,Theridiidae,,,IBTB01
Takayus_chikunii,Araneomorphae,Theridiidae,,,IBVI01
Takayus_latifolius,Araneomorphae,Theridiidae,,,IAVU01
Takayus_takayensis,Araneomorphae,Theridiidae,,,IBGJ01
Tekellina_sadamotoi,Araneomorphae,Theridiidae,,,IALE01
Theridion_albidum,Araneomorphae,Theridiidae,cob,no,
Theridion_arizona,Araneomorphae,Theridiidae,cob,no,
Theridion_differens,Araneomorphae,Theridiidae,cob,no,
Theridion_frondeum,Araneomorphae,Theridiidae,cob,no,
Theridion_makotoi,Araneomorphae,Theridiidae,,,IBMM01
Theridion_melanostictum,Araneomorphae,Theridiidae,,,IAWS01
Theridion_murarium,Araneomorphae,Theridiidae,cob,no,
Theridion_nigroannulatum,Araneomorphae,Theridiidae,cob,no,
Theridion_pinastri,Araneomorphae,Theridiidae,,,IBNW01
Theridion_varians,Araneomorphae,Theridiidae,,,ICEL01
Theridion_zonulatum,Araneomorphae,Theridiidae,,,IATV01
Thwaitesia_sp_IDV7362,Araneomorphae,Theridiidae,,,ICOH01
Yaginumena_castrata,Araneomorphae,Theridiidae,,,IALZ01
Yaginumena_mutilata,Araneomorphae,Theridiidae,,,IAMP01
Yunohamella_lyrica,Araneomorphae,Theridiidae,,,IAVH01
Yunohamella_subadulta,Araneomorphae,Theridiidae,,,IBCX01
Yunohamella_yunohamensis,Araneomorphae,Theridiidae,,,IAWG01
Ogulnius_pullus,Araneomorphae,Theridiosomatidae,,,IAMU01
Theridiosoma_epeiroides,Araneomorphae,Theridiosomatidae,,,IAKV01
Wendilgarda_nipponica,Araneomorphae,Theridiosomatidae,,,IAHI01
Amyciaea_forticeps,Araneomorphae,Thomisidae,,,IAUW01
Australomisidia_sp_IDV6830,Araneomorphae,Thomisidae,,,IBEZ01
Bassaniana_decorata,Araneomorphae,Thomisidae,,,ICCJ01
Boliscus_tuberculatus,Araneomorphae,Thomisidae,,,IBHZ01
Camaricus_formosus,Araneomorphae,Thomisidae,,,IBYP01
Coriarachne_fulvipes,Araneomorphae,Thomisidae,,,IBOC01
Diaea_dorsata,Araneomorphae,Thomisidae,,,ICFJ01
Diaea_subdola,Araneomorphae,Thomisidae,,,ICGF01
Ebelingia_kumadai,Araneomorphae,Thomisidae,,,IANA01
Ebrechtella_tricuspidata,Araneomorphae,Thomisidae,,,ICBZ01
Heriaeus_mellotteei,Araneomorphae,Thomisidae,,,IAJG01
Lehtinelagia_evanida,Araneomorphae,Thomisidae,,,IBFM01
Lysiteles_coronatus,Araneomorphae,Thomisidae,,,IBDW01
Lysiteles_maior,Araneomorphae,Thomisidae,,,ICAK01
Lysiteles_miniatus,Araneomorphae,Thomisidae,,,IAZV01
Misumenops_bellulus,Araneomorphae,Thomisidae,,,IAGN01
Misumessus_oblongus,Araneomorphae,Thomisidae,,,IARR01
Oxytate_hoshizuna,Araneomorphae,Thomisidae,,,IBYW01
Oxytate_striatipes,Araneomorphae,Thomisidae,,,IALM01
Ozyptila_matsumotoi,Araneomorphae,Thomisidae,,,IBFR01
Ozyptila_nongae,Araneomorphae,Thomisidae,,,ICBR01
Pharta_brevipalpus,Araneomorphae,Thomisidae,,,IAWA01
Phrynarachne_ceylonica,Araneomorphae,Thomisidae,,,IAYL01
Phrynarachne_katoi,Araneomorphae,Thomisidae,,,ICJB01
Pistius_undulatus,Araneomorphae,Thomisidae,,,IBZD01
Pycnaxis_truciformis,Araneomorphae,Thomisidae,,,IBNY01
Runcinia_acuminata,Araneomorphae,Thomisidae,,,IAYK01
Runcinia_insecta,Araneomorphae,Thomisidae,,,IBQP01
Sidymella_hirsuta,Araneomorphae,Thomisidae,,,IAYG01
Sidymella_rubrosignata,Araneomorphae,Thomisidae,,,IBXR01
Stephanopis_cambridgei,Araneomorphae,Thomisidae,,,ICHM01
Synema_chikunii,Araneomorphae,Thomisidae,,,ICKA01
Synema_globosum,Araneomorphae,Thomisidae,,,IAGZ01
Synema_nangoku,Araneomorphae,Thomisidae,,,IAKF01
Tharpyna_indica,Araneomorphae,Thomisidae,,,IBFA01
Thomisus_kitamurai,Araneomorphae,Thomisidae,,,ICFO01
Thomisus_labefactus,Araneomorphae,Thomisidae,,,ICCK01
Thomisus_okinawensis,Araneomorphae,Thomisidae,,,ICDD01
Tmarus_angulatus,Araneomorphae,Thomisidae,,,IBHB01
Tmarus_piger,Araneomorphae,Thomisidae,,,IBGL01
Tmarus_rimosus,Araneomorphae,Thomisidae,,,IAVJ01
Tmarus_shimojanai,Araneomorphae,Thomisidae,,,ICJT01
Xysticus_croceus,Araneomorphae,Thomisidae,,,IBDM01
Xysticus_ephippiatus,Araneomorphae,Thomisidae,,,IBAG01
Xysticus_insuclicola,Araneomorphae,Thomisidae,,,IAFS01
Xysticus_kurilensis,Araneomorphae,Thomisidae,,,IAPZ01
Xysticus_saganus,Araneomorphae,Thomisidae,,,IAGP01
Xysticus_transversomaculatus,Araneomorphae,Thomisidae,,,IAPE01
Xysticus_trizonatus,Araneomorphae,Thomisidae,,,IBVN01
Nurscia_albofasciata,Araneomorphae,Titanoecidae,,,IAJK01
Pandava_laminata,Araneomorphae,Titanoecidae,,,IASI01
Shinobius_orientalis,Araneomorphae,Trechaleidae,,,IBGW01
Morebilus_IDV6681,Araneomorphae,Trochanteriidae,,,IAGI01
Plator_nipponicus,Araneomorphae,Trochanteriidae,,,IBXK01
Udubidae_IDV7415,Araneomorphae,Udubidae,,,ICPD01
Hyptiotes_affinis,Araneomorphae,Uloboridae,Orb,Yes,IBVJ01
Miagrammopes_oblongus,Araneomorphae,Uloboridae,Orb,Yes,IBVT01
Miagrammopes_orientalis,Araneomorphae,Uloboridae,Orb,Yes,IAFG01
Octonoba_grandiprojecta,Araneomorphae,Uloboridae,Orb,Yes,ICKD01
Octonoba_grandiconcava,Araneomorphae,Uloboridae,Orb,Yes,ICDQ01
Octonoba_okinawensis,Araneomorphae,Uloboridae,Orb,Yes,IALW01
Octonoba_sybotides,Araneomorphae,Uloboridae,Orb,Yes,IAUX01
Octonoba_varians,Araneomorphae,Uloboridae,Orb,Yes,IAST01
Octonoba_yaeyamensis,Araneomorphae,Uloboridae,Orb,Yes,IALB01
Octonoba_yesoensis,Araneomorphae,Uloboridae,Orb,Yes,IAQA01
Philoponella_congregabilis,Araneomorphae,Uloboridae,Orb,Yes,IBJU01
Philoponella_prominens,Araneomorphae,Uloboridae,Orb,Yes,ICHW01
Philoponella_sp._IDV4943,Araneomorphae,Uloboridae,Orb,Yes,IBGN01
Uloborus_diversus,Araneomorphae,Uloboridae,Orb,Yes,GJZJ01
Uloborus_glomosus,Araneomorphae,Uloboridae,Orb,Yes,IBRH01
Uloborus_plumipes,Araneomorphae,Uloboridae,Orb,Yes,ICDZ01
Zosis_geniculata,Araneomorphae,Uloboridae,Orb,Yes,IAZI01
Mallinella_fulvipes,Araneomorphae,Zodariidae,,,ICIT01
Mallinella_hoosi,Araneomorphae,Zodariidae,,,ICHR01
Mallinella_okinawaensis,Araneomorphae,Zodariidae,,,ICBC01
Mallinella_sadamotoi,Araneomorphae,Zodariidae,,,IAKG01
Mallinella_shimojanai,Araneomorphae,Zodariidae,,,IAKA01
Storena_cyanea,Araneomorphae,Zodariidae,,,IBGG01
Tangella_perfuga,Araneomorphae,Zoropsidae,,,GGOF01
Zoropsis_spinimana,Araneomorphae,Zoropsidae,,,ICQH01
Heptathela_amamiensis,Mesothelae,Liphistiidae,,no,IBIH01
Heptathela_amamiensis,Mesothelae,Liphistiidae,trapdoor,no,DRR297222
Heptathela_helios,Mesothelae,Liphistiidae,,no,IAMB01
Heptathela_helios,Mesothelae,Liphistiidae,trapdoor,no,DRR296647
Heptathela_higoensis,Mesothelae,Liphistiidae,,no,IBEA01
Heptathela_higoensis,Mesothelae,Liphistiidae,trapdoor,no,DRR297111
Heptathela_kikuyai,Mesothelae,Liphistiidae,,no,IALQ01
Heptathela_kikuyai,Mesothelae,Liphistiidae,trapdoor,no,DRR296637
Heptathela_kimurai,Mesothelae,Liphistiidae,,no,IAVD01
Heptathela_kimurai,Mesothelae,Liphistiidae,trapdoor,no,DRR297830
Heptathela_yakushimaensis,Mesothelae,Liphistiidae,,no,IALP01
Heptathela_yakushimaensis,Mesothelae,Liphistiidae,trapdoor,no,DRR296636
Heptathela_yanbaruensis,Mesothelae,Liphistiidae,trapdoor,no,DRR296923
Heptathela_yanbaruensis,Mesothelae,Liphistiidae,trapdoor,no,DRR297926
Hepthathela_yanbaruensis,Mesothelae,Liphistiidae,,no,IBBQ01
Liphistius_malayanus,Mesothelae,Liphistiidae,trapdoor,no,SRR1145736
Liphistius_murphyorum,Mesothelae,Liphistiidae,,no,ICAH01
Liphistius_murphyorum,Mesothelae,Liphistiidae,trapdoor,no,DRR297690
Liphistius_thaleban,Mesothelae,Liphistiidae,trapdoor,no,ERR1856562
Ryuthela_ishigakiensis,Mesothelae,Liphistiidae,,no,IBLL01
Ryuthela_ishigakiensis,Mesothelae,Liphistiidae,trapdoor,no,DRR297304
Ryuthela_nishihirai,Mesothelae,Liphistiidae,,no,IAQS01
Ryuthela_nishihirai,Mesothelae,Liphistiidae,trapdoor,no,DRR296767
Ryuthela_sasakii,Mesothelae,Liphistiidae,,no,IAOR01
Ryuthela_sasakii,Mesothelae,Liphistiidae,trapdoor,no,DRR296715
Aliatypus_californicus,Mygalomorphae,Antrodiaetidae,trapdoor,no,SRR6028673
Aliatypus_coylei,Mygalomorphae,Antrodiaetidae,trapdoor,no,SRR1514876
Aliatypus_janus,Mygalomorphae,Antrodiaetidae,trapdoor,no,SRR6028672
Aliatypus_thompsoni,Mygalomorphae,Antrodiaetidae,trapdoor,no,SRR6028671
Antrodiaetus_roretzi,Mygalomorphae,Antrodiaetidae,,no,IBPI01
Antrodiaetus_unicolor,Mygalomorphae,Antrodiaetidae,trapdoor,no,SRR1514897
Antrodiaetus_yesoensis,Mygalomorphae,Antrodiaetidae,,no,IBEE01
Atypoides_riversi,Mygalomorphae,Antrodiaetidae,trapdoor,no,SRR3879973
Antrodiaetus_yesoensis,Mygalomorphae,Antrodiaetidea,trapdoor,no,DRR297115
Atrax_robustus,Mygalomorphae,Atracidae,none,no,IBFP01
Atrax_robustus,Mygalomorphae,Atracidae,funnel,no,DRR297152
Hadronyche_infensa,Mygalomorphae,Atracidae,funnel,no,ERR4028222
Atypus_karschi,Mygalomorphae,Atypidae,,no,ICET01
Atypus_karschi,Mygalomorphae,Atypidae,purse,no,DRR297805
Atypus_largosaccatus,Mygalomorphae,Atypidae,purse,no,SRR19509970
Calomatta_signata,Mygalomorphae,Atypidae,,no,IBXS01
Calommata_signata,Mygalomorphae,Atypidae,purse,no,DRR297623
Rhianodes_atratus,Mygalomorphae,Barychelidae,trapdoor,no,SRR11860498
Rhianodes_atratus,Mygalomorphae,Barychilidae,none,no,GIXJ01
Latouchia_hyla,Mygalomorphae,Halonproctidae,none,no,IAYP01
Latouchia_japonica,Mygalomorphae,Halonproctidae,none,no,IBZN01
Latouchia_swinhoei,Mygalomorphae,Halonproctidae,none,no,IARH01
Latouchia_typica,Mygalomorphae,Halonproctidae,none,no,IBQZ01
Conothele_fragaria,Mygalomorphae,Ctenizidae,none,no,IAVG01
Latouchia_hyla,Mygalomorphae,Hapnoproctidae,trapdoor,no,DRR296970
Latouchia_japonica,Mygalomorphae,Hapnoproctidae,trapdoor,no,DRR297670
Latouchia_swinhoei,Mygalomorphae,Hapnoproctidae,trapdoor,no,DRR297756
Latouchia_typica,Mygalomorphae,Hapnoproctidae,trapdoor,no,DRR297448
Misgolas_IDV6739,Mygalomorphae,Idiopidae,none,no,IBRE01
Misgolas_IDV6741,Mygalomorphae,Idiopidae,none,no,ICNT01
Macrothele_amamiensis,Mygalomorphae,Macrothelidae,none,no,IALU01
Macrothele_amamiensis,Mygalomorphae,Macrothelidae,funnel,no,DRR296641
Macrothele_gigas,Mygalomorphae,Macrothelidae,none,no,IAEV01
Macrothele_gigas,Mygalomorphae,Macrothelidae,funnel,no,DRR296460
Macrothele_yaginumai,Mygalomorphae,Macrothelidae,funnel,no,DRR297290
Sinopesa_kumensis,Mygalomorphae,Nemesiidae,none,no,IASD01
Sinopesa_kumensis,Mygalomorphae,Nemesiidea,trapdoor,no,DRR296804
Acanthoscurria_geniculata,Mygalomorphae,Theraphosidae,none,no,GAZS01
Acanthoscurria_geniculata,Mygalomorphae,Theraphosidae,burrow,no,SRR10420563
Aphonopelma_hentzi,Mygalomorphae,Theraphosidae,burrow,no,SRR13605914
Bumba_cabocla,Mygalomorphae,Theraphosidae,burrow,no,SRR8944285
Caribena_versicolor,Mygalomorphae,Theraphosidae,arb_funnel,no,SRR8944282
Ephebopus_cyanognathus,Mygalomorphae,Theraphosidae,burrow,no,SRR8944275
Lampropelma_violaceopes,Mygalomorphae,Theraphosidae,none,no,IAIH01
Lampropelma_violaceopes,Mygalomorphae,Theraphosidae,burrow,no,DRR296550
Monocentropus_balfouri,Mygalomorphae,Theraphosidae,burrow,no,SRR8944273
Pamphobeteus_verdolaga,Mygalomorphae,Theraphosidae,none,no,GIUY01
Pelinobius_muticus,Mygalomorphae,Theraphosidae,burrow,no,SRR8944274
Phlogiellus_inermis,Mygalomorphae,Theraphosidae,burrow,no,SRR8944272
Phormictopus_atrichomatus,Mygalomorphae,Theraphosidae,burrow,no,SRR8944270
Psalmopoeus_cambridgei,Mygalomorphae,Theraphosidae,arb_funnel,no,SRR8944279
Pterinochilus_lugardi,Mygalomorphae,Theraphosidae,burrow,no,SRR8944284
Stromatopelma_calceatum,Mygalomorphae,Theraphosidae,burrow,no,SRR8944276
Tapinauchenius_violaceus,Mygalomorphae,Theraphosidae,burrow,no,SRR8944283
Gnathonarium_exsiccatum,,Linyphiidae,,,
Gongylidioides_onoi,,Linyphiidae,,,
Mesida_sp_IDV5268,,Tetragnathidae,,,
Neriene_radiata,,Linyphiidae,,,
Neriene_variabilis,,Linyphiidae,,,
Neserigone_basarukini,,Linyphiidae,,,
Oia_imadatei,,Linyphiidae,,,
Oilinyphia_peculiaris,,Linyphiidae,,,
Paikiniana_mira,,Linyphiidae,,,
Pseudomicrargus_latitegulatus,,Linyphiidae,,,
Ryojius_japonicus,,Linyphiidae,,,
Saaristoa_nipponica,,Linyphiidae,,,
Saitonia_ojiroensis,,Linyphiidae,,,
Solenysa_reflexilis,,Linyphiidae,,,
Strandella_quadrimaculata,,Linyphiidae,,,
Syedra_oii,,Linyphiidae,,,
Ummeliata_osakaensis,,Linyphiidae,,,
Walckenaeria_golovatchi,,Linyphiidae,,,